,step 0,step 1,step 2,step 3,step 4,step 5
FR,19.95330739299611,24.00943396226415,27.073552425665103,30.312012480499217,34.22712933753943,36.687797147385105
AVO,26.6147859922179,45.990566037735846,52.03442879499217,58.19032761310452,66.08832807570978,70.5229793977813
BR,0.0,0.0,0.0,0.0,0.0,3.272727272727273
