,step 0,step 1,step 2,step 3,step 4,step 5,step 6,step 7,step 8
FR,18.547453703703702,22.09201388888889,25.086805555555557,28.11053240740741,31.134259259259263,34.042245370370374,36.99363425925926,39.597800925925924,42.11516203703704
AVO,22.265625,38.0859375,43.1640625,48.56770833333333,53.776041666666664,59.049479166666664,64.12760416666666,69.40104166666666,73.30729166666666
BR,0.0,0.0,0.0,0.0,0.0,0.0,0.0,0.0,1.7142857142857144
